{
    "accuracy": 0.9074074029922485,
    "loss": 0.24690593779087067
}