{
    "accuracy": 0.9074074029922485,
    "loss": 0.36939358711242676
}