{
    "accuracy": 0.9166666865348816,
    "loss": 0.1871061474084854
}