{
    "accuracy": 0.9629629850387573,
    "loss": 0.16773363947868347
}