{
    "accuracy": 0.9027777910232544,
    "loss": 0.27396851778030396
}