{
    "accuracy": 0.9444444179534912,
    "loss": 0.18954350054264069
}